时间,项目,URL,状态码,响应时间（秒）
2025-05-05 17:22:39,维基百科,https://zh.wikipedia.org,200,0.082
2025-05-05 17:22:39,维基文库,https://zh.wikisource.org,200,0.423
2025-05-05 17:22:39,维基词典,https://zh.wiktionary.org,200,0.716
2025-05-05 17:22:39,维基教科书,https://zh.wikibooks.org,200,0.072
2025-05-05 17:22:39,维基新闻,https://zh.wikinews.org,200,1.982
2025-05-05 17:22:39,维基物种,https://species.wikimedia.org,200,0.068
2025-05-05 17:22:39,维基导游,https://zh.wikivoyage.org,200,1.407
2025-05-05 17:22:39,维基学院,https://zh.wikiversity.org,200,0.069
2025-05-05 17:22:39,维基共享资源,https://commons.wikimedia.org,200,0.076
2025-05-05 17:22:39,维基数据,https://www.wikidata.org,200,0.075
2025-05-05 17:22:39,MediaWiki,https://www.mediawiki.org,200,0.07
2025-05-05 17:22:39,元维基,https://meta.wikimedia.org,200,0.629
2025-05-09 20:27:10,维基百科,https://zh.wikipedia.org,200,0.088
2025-05-09 20:27:10,维基文库,https://zh.wikisource.org,200,0.111
2025-05-09 20:27:10,维基词典,https://zh.wiktionary.org,200,0.091
2025-05-09 20:27:10,维基教科书,https://zh.wikibooks.org,200,0.126
2025-05-09 20:27:10,维基新闻,https://zh.wikinews.org,200,0.7
2025-05-09 20:27:10,维基物种,https://species.wikimedia.org,200,0.089
2025-05-09 20:27:10,维基导游,https://zh.wikivoyage.org,200,0.09
2025-05-09 20:27:10,维基学院,https://zh.wikiversity.org,200,0.335
2025-05-09 20:27:10,维基共享资源,https://commons.wikimedia.org,200,0.111
2025-05-09 20:27:10,维基数据,https://www.wikidata.org,200,0.077
2025-05-09 20:27:10,MediaWiki,https://www.mediawiki.org,200,0.091
2025-05-09 20:27:10,元维基,https://meta.wikimedia.org,200,0.665
2025-05-09 20:28:38,维基百科,https://zh.wikipedia.org,200,0.073
2025-05-09 20:28:38,维基文库,https://zh.wikisource.org,200,0.102
2025-05-09 20:28:38,维基词典,https://zh.wiktionary.org,200,0.078
2025-05-09 20:28:38,维基教科书,https://zh.wikibooks.org,200,0.099
2025-05-09 20:28:38,维基新闻,https://zh.wikinews.org,200,0.08
2025-05-09 20:28:38,维基物种,https://species.wikimedia.org,200,0.084
2025-05-09 20:28:38,维基导游,https://zh.wikivoyage.org,200,0.102
2025-05-09 20:28:38,维基学院,https://zh.wikiversity.org,200,0.089
2025-05-09 20:28:38,维基共享资源,https://commons.wikimedia.org,200,0.115
2025-05-09 20:28:38,维基数据,https://www.wikidata.org,200,0.099
2025-05-09 20:28:38,MediaWiki,https://www.mediawiki.org,200,0.086
2025-05-09 20:28:38,元维基,https://meta.wikimedia.org,200,0.652
